ID,NUM_CHILDREN,SALARY_PER_MONTH,CAR_VALUE,Years_of_education,grade
1,4,4343.0,23232.0,10.0,1
2,3,6464.0,35353.0,14.272727272727273,1
3,2,7657.0,53234.0,15.0,1
4,4,36456.0,4654.0,18.0,2
5,5,4564.0,75458.16666666667,14.272727272727273,1
6,2,5355.0,53453.0,16.0,1
7,1,10943.0,7576.0,13.0,1
8,3,9000.0,3353.0,12.0,1
9,5,5454.0,64757.0,9.0,2
10,6,15389.25,543523.0,5.0,5
11,2,6456.0,46456.0,18.0,1
12,1,34543.0,64564.0,20.0,3
13,3,53436.0,5343.0,21.0,4
